"","mod_name","beta","std","t.value","p.value","Lower_95CI","Upper_95CI","p.corrected","Sig"
"1","thk.APARC.parahpal~KSADS.Depressive_symptoms_ever.p",-0.159654192419423,0.0432571495766028,-3.69081629238413,0.000251782285349202,-0.244672111418076,-0.0746362734207696,0.00856059770187287,TRUE
